jsonModel,name,status,customerFirstName,customerLastName,vehicleName,startDate,endDate,pickupLocation,returnLocation,dailyRate,estimatedDays,totalAmount,deposit,startMileage,endMileage,extraNames,notes,importId
RentalAgreement,RA-2026-0001,in-progress,Fredrick,Brandt,Volkswagen Tiguan,2026-05-01T10:00:00,2026-05-08T18:00:00,Paris CDG Airport,Paris CDG Airport,85.00,7,595.00,500.00,11800,,GPS|Child Seat,Family vacation rental,1
RentalAgreement,RA-2026-0002,confirmed,Samina,Wright,Tesla Model 3,2026-05-10T09:00:00,2026-05-15T17:00:00,Lyon Part-Dieu,Lyon Part-Dieu,95.00,5,475.00,600.00,,,GPS|Premium Insurance,Business trip - confirmed pickup,2
RentalAgreement,RA-2026-0003,draft,Marjorie,Marshall,Toyota Yaris,2026-06-01T14:00:00,2026-06-03T14:00:00,Marseille Saint-Charles,Nice Airport,50.00,2,100.00,200.00,,,Additional Driver,Weekend getaway - awaiting customer confirmation,3
RentalAgreement,RA-2026-0004,returned,Violet,Hines,Renault Clio,2026-04-10T08:00:00,2026-04-15T20:00:00,Bordeaux Centre,Bordeaux Centre,45.00,5,225.00,300.00,37500,38120,GPS,City rental - returned without issues,4
RentalAgreement,RA-2026-0005,cancelled,Benn,Lucero,BMW Serie 5,2026-05-20T10:00:00,2026-05-22T18:00:00,Paris Orly,Paris Orly,150.00,2,300.00,1000.00,,,Premium Insurance|WiFi Hotspot,Cancelled by customer,5
RentalAgreement,RA-2026-0006,returned,Sidrah,Hobbs,Tesla Model 3,2026-04-01T09:00:00,2026-04-05T18:00:00,Paris CDG Airport,Paris CDG Airport,95.00,4,380.00,500.00,24500,25000,GPS|Premium Insurance,Short business trip in Paris,6
RentalAgreement,RA-2026-0007,returned,Lucille,Gilbert,Renault Clio,2026-03-15T10:00:00,2026-03-22T17:00:00,Paris CDG Airport,Paris CDG Airport,45.00,7,315.00,250.00,37200,38000,GPS,City compact rental for a week,7
RentalAgreement,RA-2026-0008,returned,Betty,Russell,Volkswagen Tiguan,2026-02-10T14:00:00,2026-02-17T14:00:00,Brussels Midi,Brussels Midi,85.00,7,595.00,500.00,11200,11800,GPS|Child Seat,Family weekly rental,8
RentalAgreement,RA-2026-0009,returned,Daniele,Garcia,BMW Serie 5,2026-01-20T08:00:00,2026-01-25T20:00:00,Berlin Mitte,Berlin Mitte,150.00,5,750.00,1000.00,7800,8000,Premium Insurance,Executive trip,9
RentalAgreement,RA-2026-0010,returned,Disney,Leonard,Toyota Yaris,2026-03-05T11:00:00,2026-03-10T16:00:00,Madrid Atocha,Madrid Atocha,50.00,5,250.00,250.00,17800,18000,GPS,Short city rental,10
RentalAgreement,RA-2026-0011,returned,Olivier,Martinez,Peugeot 208,2025-12-20T09:00:00,2026-01-02T18:00:00,Paris CDG Airport,Paris CDG Airport,42.00,13,546.00,300.00,20800,22000,GPS|Snow Chains,Holiday season rental,11
RentalAgreement,RA-2026-0012,returned,Vienna,Robert,Citroën C3,2026-04-10T10:00:00,2026-04-15T17:00:00,Paris Orly,Paris Orly,40.00,5,200.00,250.00,27500,28000,Additional Driver,Short trip,12
RentalAgreement,RA-2026-0013,returned,Charee,Jacques,Audi A3,2025-11-15T09:00:00,2025-11-20T18:00:00,Paris Orly,Paris Orly,75.00,5,375.00,400.00,14500,15000,GPS|Premium Insurance,Autumn business trip,13
RentalAgreement,RA-2026-0014,returned,Norbert,Dupont,Peugeot 3008,2026-02-25T11:00:00,2026-03-02T17:00:00,Paris Gare-de-Lyon,Paris Gare-de-Lyon,80.00,5,400.00,500.00,8500,9000,GPS|Child Seat,Family weekend,14
RentalAgreement,RA-2026-0015,returned,Jeana,Salomon,Renault Megane,2026-01-10T08:00:00,2026-01-15T20:00:00,Lyon Part-Dieu,Lyon Part-Dieu,55.00,5,275.00,300.00,17500,18000,GPS,Winter business trip,15
RentalAgreement,RA-2026-0016,returned,Sherilyn,Dennis,Peugeot 508,2025-12-05T10:00:00,2025-12-10T18:00:00,Marseille Saint-Charles,Marseille Saint-Charles,95.00,5,475.00,500.00,20500,21000,Premium Insurance,Coastal business trip,16
RentalAgreement,RA-2026-0017,returned,Thomas,Sydney,Audi Q3,2026-03-20T09:00:00,2026-03-25T18:00:00,Nice Airport,Nice Airport,90.00,5,450.00,600.00,31500,32000,GPS|WiFi Hotspot,Cote d'Azur tour,17
RentalAgreement,RA-2026-0018,returned,Jenina,Abraham,Renault Captur,2026-04-20T11:00:00,2026-04-27T16:00:00,Bordeaux Centre,Bordeaux Centre,65.00,7,455.00,400.00,18500,19000,GPS|Child Seat,Family vineyard tour,18
RentalAgreement,RA-2026-0019,returned,David,Joy,Mercedes Class C,2026-02-15T10:00:00,2026-02-20T18:00:00,Brussels Midi,Brussels Midi,110.00,5,550.00,600.00,9000,9500,GPS|Premium Insurance,Business in Brussels,19
RentalAgreement,RA-2026-0020,returned,Michael,Quarles,Audi A4,2026-03-10T08:00:00,2026-03-17T20:00:00,Brussels Airport,Brussels Airport,100.00,7,700.00,500.00,19500,20000,GPS|Additional Driver,Multi-driver business trip,20
RentalAgreement,RA-2026-0021,returned,Milano,Ryberg,Audi Q5,2026-01-25T09:00:00,2026-02-01T17:00:00,Madrid Barajas,Madrid Barajas,110.00,7,770.00,700.00,21500,22000,GPS|Premium Insurance|WiFi Hotspot,Iberian business tour,21
RentalAgreement,RA-2026-0022,in-progress,Georgina,Zalewski,Tesla Model Y,2026-04-30T10:00:00,2026-05-12T18:00:00,Lyon Part-Dieu,Lyon Part-Dieu,110.00,12,1320.00,700.00,10500,,GPS|Premium Insurance,Long electric SUV rental,22
RentalAgreement,RA-2026-0023,in-progress,Tomas,Guerra,Renault Trafic,2026-05-02T08:00:00,2026-05-09T18:00:00,Paris Orly,Paris Orly,90.00,7,630.00,600.00,41500,,GPS|Additional Driver,Group transfer,23
RentalAgreement,RA-2026-0024,in-progress,Sybille,Lang,Audi A4,2026-05-04T09:00:00,2026-05-11T17:00:00,Brussels Airport,Brussels Airport,100.00,7,700.00,500.00,19800,,GPS|Premium Insurance,Business trip in progress,24
RentalAgreement,RA-2026-0025,in-progress,Iker,Rabasa,Audi Q5,2026-04-28T11:00:00,2026-05-08T18:00:00,Madrid Barajas,Madrid Barajas,110.00,10,1100.00,700.00,22000,,GPS|WiFi Hotspot,Active business rental,25
RentalAgreement,RA-2026-0026,in-progress,Felix,Santana,Mercedes Class E,2026-05-01T10:00:00,2026-05-15T17:00:00,Frankfurt Airport,Frankfurt Airport,170.00,14,2380.00,1000.00,8800,,Premium Insurance|WiFi Hotspot,Two-week luxury rental,26
RentalAgreement,RA-2026-0027,in-progress,Larisa,Hofmann,Fiat Tipo,2026-05-03T09:00:00,2026-05-10T18:00:00,Milan Centrale,Milan Centrale,45.00,7,315.00,250.00,16800,,GPS,Italian compact rental,27
RentalAgreement,RA-2026-0028,in-progress,Ansh,Kaya,Jaguar XE,2026-05-05T10:00:00,2026-05-13T18:00:00,London Heathrow,London Heathrow,110.00,8,880.00,600.00,18800,,GPS|Premium Insurance,UK business tour,28
RentalAgreement,RA-2026-0029,in-progress,Karen,Smithson,Renault Captur,2026-05-04T11:00:00,2026-05-12T17:00:00,Bordeaux Centre,Bordeaux Centre,65.00,8,520.00,400.00,19200,,GPS|Child Seat,Family rental in progress,29
RentalAgreement,RA-2026-0030,confirmed,Rafaela,Gallardo,Tesla Model 3,2026-05-20T10:00:00,2026-05-27T18:00:00,Paris CDG Airport,Paris CDG Airport,95.00,7,665.00,500.00,,,GPS|Premium Insurance,Confirmed for next week,30
RentalAgreement,RA-2026-0031,confirmed,Elio,Stein,BMW Serie 3,2026-05-25T09:00:00,2026-06-01T17:00:00,Madrid Barajas,Madrid Barajas,105.00,7,735.00,500.00,,,GPS|WiFi Hotspot,Confirmed Spain business trip,31
RentalAgreement,RA-2026-0032,confirmed,Karim,Velasquez,Mercedes EQA,2026-06-01T10:00:00,2026-06-05T18:00:00,Berlin Mitte,Berlin Mitte,95.00,4,380.00,500.00,,,GPS,Electric SUV booking,32
RentalAgreement,RA-2026-0033,confirmed,Hilda,Larsson,Volkswagen Polo,2026-06-10T11:00:00,2026-06-15T17:00:00,Toulouse Blagnac,Toulouse Blagnac,45.00,5,225.00,250.00,,,GPS|Additional Driver,Compact rental confirmed,33
RentalAgreement,RA-2026-0034,confirmed,Giovanni,Leone,Alfa Romeo Giulia,2026-06-15T09:00:00,2026-06-22T18:00:00,Rome Termini,Rome Termini,95.00,7,665.00,500.00,,,GPS|Premium Insurance,Italian sport sedan booking,34
RentalAgreement,RA-2026-0035,confirmed,Wei,Cheng,Land Rover Discovery,2026-07-01T10:00:00,2026-07-08T18:00:00,London Heathrow,London Heathrow,130.00,7,910.00,700.00,,,GPS|Premium Insurance|Child Seat,Family UK tour,35
RentalAgreement,RA-2026-0036,confirmed,Nadia,Kowalski,Mini Cooper,2026-07-05T11:00:00,2026-07-12T17:00:00,London Heathrow,London Heathrow,65.00,7,455.00,300.00,,,GPS,UK city break,36
RentalAgreement,RA-2026-0037,confirmed,Alaric,Bauer,Volkswagen Golf,2026-06-20T09:00:00,2026-06-25T18:00:00,Munich Hauptbahnhof,Munich Hauptbahnhof,50.00,5,250.00,300.00,,,GPS,Bavarian business trip,37
RentalAgreement,RA-2026-0038,confirmed,Sakura,Kobayashi,Audi A8,2026-07-15T10:00:00,2026-07-22T18:00:00,Frankfurt Airport,Frankfurt Airport,200.00,7,1400.00,1500.00,,,GPS|Premium Insurance|WiFi Hotspot,Luxury executive rental,38
RentalAgreement,RA-2026-0039,confirmed,Miguel,Petrov,Volkswagen ID.4,2026-07-20T09:00:00,2026-07-27T17:00:00,Frankfurt Airport,Frankfurt Airport,95.00,7,665.00,500.00,,,GPS|Child Seat,Family electric SUV booking,39
RentalAgreement,RA-2026-0040,draft,Amara,Mbaye,Seat Ibiza,2026-08-01T10:00:00,2026-08-05T17:00:00,Madrid Atocha,Madrid Atocha,42.00,4,168.00,250.00,,,GPS,Tentative summer booking,40
RentalAgreement,RA-2026-0041,draft,Felipe,Estevez,Fiat Panda,2026-08-10T09:00:00,2026-08-17T18:00:00,Rome Termini,Rome Termini,35.00,7,245.00,250.00,,,GPS,Italian summer holiday draft,41
RentalAgreement,RA-2026-0042,draft,Fredrick,Brandt,Audi A6,2026-08-15T11:00:00,2026-08-22T17:00:00,Berlin Tegel,Berlin Tegel,160.00,7,1120.00,1000.00,,,GPS|Premium Insurance,Luxury draft pending confirmation,42
RentalAgreement,RA-2026-0043,cancelled,Samina,Wright,BMW Serie 5,2026-05-25T10:00:00,2026-05-30T18:00:00,Berlin Mitte,Berlin Mitte,150.00,5,750.00,1000.00,,,Premium Insurance,Cancelled by customer,43
RentalAgreement,RA-2026-0044,cancelled,Marjorie,Marshall,Citroën Berlingo,2026-06-01T09:00:00,2026-06-05T17:00:00,Marseille Saint-Charles,Marseille Saint-Charles,80.00,4,320.00,400.00,,,GPS|Child Seat,Cancelled - alternate vehicle preferred,44
RentalAgreement,RA-2026-0045,cancelled,Violet,Hines,Mini Cooper,2026-06-15T10:00:00,2026-06-20T17:00:00,London Heathrow,London Heathrow,65.00,5,325.00,300.00,,,GPS,Cancelled by agency,45
